Subject_ID,Site_ID,DOB,Sex,Race,Screening_Date,Informed_Consent_Date
OB1111,SITE-1001,1978-05-03,Male,White,2025-02-02,2025-01-30
OB1112,SITE-1001,1978-11-15,Male,White,2025-01-23,2025-01-22
OB1115,SITE-1001,1968-09-09,Female,Black or African American,2025-02-21,2025-02-20
OB1116,SITE-1001,1995-09-16,Male,Asian,2025-04-26,2025-04-26
OB1117,SITE-1001,1994-11-06,Female,Asian,2025-02-24,2025-02-21
OB1118,SITE-1001,1965-08-17,Female,Other,2025-04-26,2025-04-26
OB1120,SITE-1001,1960-12-04,Female,White,2025-01-20,2025-01-18
OB1122,SITE-1001,1976-03-15,Male,White,2025-03-11,2025-03-10
OB1125,SITE-1001,1971-02-28,Female,Other,2025-03-24,2025-03-23
OB1126,SITE-1001,1994-06-25,Male,Other,2025-04-15,2025-04-15
OB1128,SITE-1001,1965-06-16,Male,Asian,2025-02-21,2025-02-19
OB1129,SITE-1001,1988-01-08,Male,Asian,2025-04-09,2025-04-06
OB1132,SITE-1001,1999-09-25,Male,Asian,2025-03-31,2025-03-28
OB1133,SITE-1001,1968-03-09,Female,Asian,2025-03-16,2025-03-15
OB1134,SITE-1001,1984-07-22,Female,American Indian or Alaska Native,2025-03-13,2025-03-10
OB1136,SITE-1001,2009-04-08,Male,White,2025-01-08,2025-01-07
OB1140,SITE-1001,1966-04-01,Male,Asian,2025-02-04,2025-02-04
OB1142,SITE-1001,2001-06-03,Male,White,2025-04-01,2025-03-29
OB1143,SITE-1002,1990-09-05,Female,Asian,2025-04-16,2025-04-13
OB1144,SITE-1002,1977-04-04,Male,Black or African American,2025-02-20,2025-02-17
OB1146,SITE-1002,1977-08-28,Male,Asian,2025-01-13,2025-01-10
OB1147,SITE-1002,1982-02-08,Male,Asian,2025-03-15,2025-03-12
OB1148,SITE-1002,1995-07-06,Female,American Indian or Alaska Native,2025-02-06,2025-02-06
OB1149,SITE-1002,1975-09-04,Male,Other,2025-04-23,2025-04-23
OB1150,SITE-1002,1998-04-06,Female,American Indian or Alaska Native,2025-03-08,2025-03-07
OB1151,SITE-1002,1978-01-06,Female,Asian,2025-02-24,2025-02-22
OB1152,SITE-1002,1974-05-14,Female,Asian,2025-01-30,2025-01-28
OB1153,SITE-1002,1990-01-19,Male,White,2025-01-13,2025-01-13
OB1155,SITE-1002,1966-08-17,Male,Asian,2025-03-12,2025-03-12
OB1156,SITE-1002,1992-02-20,Male,Asian,2025-02-26,2025-02-26
OB1157,SITE-1002,1967-04-19,Male,Asian,2025-02-28,2025-02-26
OB1158,SITE-1002,1987-04-22,Female,Asian,2025-02-08,2025-02-05
OB1159,SITE-1002,1995-11-21,Female,American Indian or Alaska Native,2025-02-15,2025-02-15
OB1160,SITE-1002,2003-08-20,Male,Asian,2025-03-15,2025-03-14
OB1161,SITE-1003,1971-05-05,Female,Asian,2025-04-28,2025-04-27
OB1162,SITE-1003,1980-05-06,Female,Other,2025-04-06,2025-04-04
OB1165,SITE-1003,1964-11-17,Male,Other,2025-02-13,2025-02-13
OB1166,SITE-1003,1995-05-04,Male,Other,2025-01-25,2025-01-23
OB1168,SITE-1003,1985-10-07,Female,Asian,2025-04-03,2025-04-01
OB1169,SITE-1003,1971-08-09,Male,Asian,2025-03-28,2025-03-25
OB1170,SITE-1003,1986-01-01,Female,Asian,2025-03-28,2025-04-02
OB1171,SITE-1003,1993-12-15,Female,Other,2025-01-07,2025-01-07
OB1172,SITE-1003,1999-12-05,Male,White,2025-03-21,2025-03-20
OB1173,SITE-1003,1976-03-02,Female,White,2025-04-17,2025-04-17
OB1175,SITE-1003,1981-04-22,Male,Asian,2025-02-20,2025-02-17
OB1176,SITE-1003,1964-12-05,Male,Asian,2025-04-18,2025-04-17
OB1177,SITE-1003,1977-01-06,Female,Black or African American,2025-04-18,2025-04-17
OB1178,SITE-1003,1986-03-26,Male,Black or African American,2025-04-27,2025-04-27
OB1180,SITE-1004,1973-04-07,Female,White,2025-02-14,2025-02-13
OB1182,SITE-1004,1989-01-22,Male,Black or African American,2025-02-17,2025-02-15
OB1183,SITE-1004,1999-05-12,Female,Other,2025-02-17,2025-02-17
OB1184,SITE-1004,1996-05-06,Female,Asian,2025-01-19,2025-01-16
OB1186,SITE-1004,1981-12-26,Female,Black or African American,2025-03-24,2025-03-24
OB1188,SITE-1004,1979-10-07,Female,Asian,2025-04-06,2025-04-03
OB1189,SITE-1004,2003-09-26,Male,White,2025-03-02,2025-03-02
OB1193,SITE-1004,1961-06-20,Female,Asian,2025-04-08,2025-04-06
OB1196,SITE-1004,1971-05-22,Female,White,2025-02-26,2025-02-24
OB1199,SITE-1004,1968-03-07,Female,Black or African American,2025-04-02,2025-04-01
